{
  "project_info": {
    "project_number": "505821804638",
    "firebase_url": "https://frontend2024-9ebcb-default-rtdb.firebaseio.com",
    "project_id": "frontend2024-9ebcb",
    "storage_bucket": "frontend2024-9ebcb.appspot.com"
  },
  "client": [
    {
      "client_info": {
        "mobilesdk_app_id": "1:505821804638:android:3f5a1ff9c13b3cd0129ccf",
        "android_client_info": {
          "package_name": "com.example.todoey"
        }
      },
      "oauth_client": [],
      "api_key": [
        {
          "current_key": "AIzaSyAYvtOcfZUyfB3mYfwU8s7NE4r4-mu7kfk"
        }
      ],
      "services": {
        "appinvite_service": {
          "other_platform_oauth_client": []
        }
      }
    }
  ],
  "configuration_version": "1"
}